{"cameraMode":{"drawMode":0,"name":"Shaded","section":"Shading Mode"},"sceneLighting":true,"audioPlay":false,"sceneViewState":{"showFog":true,"showMaterialUpdate":false,"showSkybox":true,"showFlares":true,"showImageEffects":true,"showParticleSystems":true},"in2DMode":false,"pivot":{"x":-9.792858123779297,"y":0.3964674472808838,"z":4.951055526733398},"rotation":{"x":0.05634472519159317,"y":-0.3547419011592865,"z":0.02140825241804123,"w":0.9330448508262634},"size":22.0,"orthographic":false}